-- Studio
Insert into Studio(SdName,FoundDate,Location,President) Values('ufotable','2000','杉並区本天沼','近藤光');
Insert into Studio(SdName,FoundDate,Location,President) Values('TROYCA','2013','東京都練馬区石神井町','長野敏之');
Insert into Studio(SdName,FoundDate,President) Values('TYPE-MOON','2003','奈須蘑菇');
Insert into Studio(SdName,Location,President) Values('Nitro+','日本東京都千代田區','でじたろう');
Insert into Studio(SdName,FoundDate,Location,President) Values('MAGES.','2005','東京都渋谷區猿楽町','志倉千代丸');
Insert into Studio(SdName,FoundDate,Location,President) Values('WHITE FOX','2007','東京都杉並区天沼','岩佐岳');
Insert into Studio(SdName,FoundDate,Location,President) Values('A-1 Pictures','2005','東京都杉並區成田東4丁目','柏田真一郎');
Insert into Studio(SdName,FoundDate,Location) Values('三次元','2006','東京都杉並區上荻一丁目');
Insert into Studio(SdName,FoundDate,Location,President) Values('J.C.STAFF','1986','日本東京都武藏野市境二丁目','阿部倫久');
Insert into Studio(SdName,FoundDate,Location,President) Values('ISSEN','1990','日本東京都世田谷區若林一丁目','奧野敏聰');

-- Anime
Insert into Animation(AnimeID,AName,Episode,Season,Rating,AnimeDate,sdName,image) VALUES(1,'Fate/Zero',25,1,10,'2011','ufotable','fz.jpeg');
Insert into Animation(AnimeID,AName,Episode,Season,Rating,AnimeDate,sdName,image) VALUES(2,'Steins;Gate',25,1,9,'2011','WHITE FOX','steingate.jpeg');
Insert into Animation(AnimeID,AName,Episode,Season,Rating,AnimeDate,sdName,image) VALUES(3,'Re:CREATORS',22,1,9,'2017','TROYCA','recreate.jpeg');
Insert into Animation(AnimeID,AName,Episode,Season,Rating,AnimeDate,sdName,image) VALUES(4,'Re:ゼロから始める異世界生活',25,1,9,'2016','WHITE FOX','rezero.jpeg');
Insert into Animation(AnimeID,AName,Episode,Season,Rating,AnimeDate,sdName,image) VALUES(5,'とある魔術の禁書目録',24,1,8,'2008','J.C.STAFF','index.jpg');
Insert into Animation(AnimeID,AName,Episode,Season,Rating,AnimeDate,sdName,image) VALUES(6,'四月是你的謊言',22,1,8,'2014','A-1 Pictures','april.jpg');
Insert into Animation(AnimeID,AName,Episode,Season,Rating,AnimeDate,sdName,image) VALUES(7,'刀劍神域',25,1,9,'2012','A-1 Pictures','sao_s1.jpg');
Insert into Animation(AnimeID,AName,Episode,Season,Rating,AnimeDate,sdName,image) VALUES(8,'刀劍神域',24,2,7,'2014','A-1 Pictures','sao_s2.jpg');
Insert into Animation(AnimeID,AName,Episode,Season,Rating,AnimeDate,sdName,image) VALUES(9,'bang dream',13,2,10,'2019','三次元','bgd_s2.jpeg');

-- genreName
Insert into GenreName(Genre,Gtype) VALUES(1,'動作');
Insert into GenreName(Genre,Gtype) VALUES(2,'魔法');
Insert into GenreName(Genre,Gtype) VALUES(3,'奇幻');
Insert into GenreName(Genre,Gtype) VALUES(4,'懸疑');
Insert into GenreName(Genre,Gtype) VALUES(5,'冒險');
Insert into GenreName(Genre,Gtype) VALUES(6,'校園');
Insert into GenreName(Genre,Gtype) VALUES(7,'戀愛');
Insert into GenreName(Genre,Gtype) VALUES(8,'青春');
Insert into GenreName(Genre,Gtype) VALUES(9,'音樂');

-- genre
Insert into Genre(AnimeID,Genre) VALUES(1,1);
Insert into Genre(AnimeID,Genre) VALUES(1,2);
Insert into Genre(AnimeID,Genre) VALUES(1,3);
Insert into Genre(AnimeID,Genre) VALUES(2,4);
Insert into Genre(AnimeID,Genre) VALUES(2,3);
Insert into Genre(AnimeID,Genre) VALUES(3,1);
Insert into Genre(AnimeID,Genre) VALUES(3,3);
Insert into Genre(AnimeID,Genre) VALUES(4,3);
Insert into Genre(AnimeID,Genre) VALUES(4,5);
Insert into Genre(AnimeID,Genre) VALUES(4,1);
Insert into Genre(AnimeID,Genre) VALUES(5,1);
Insert into Genre(AnimeID,Genre) VALUES(5,2);
Insert into Genre(AnimeID,Genre) VALUES(6,6);
Insert into Genre(AnimeID,Genre) VALUES(6,7);
Insert into Genre(AnimeID,Genre) VALUES(6,8);
Insert into Genre(AnimeID,Genre) VALUES(7,1);
Insert into Genre(AnimeID,Genre) VALUES(7,3);
Insert into Genre(AnimeID,Genre) VALUES(7,5);
Insert into Genre(AnimeID,Genre) VALUES(8,1);
Insert into Genre(AnimeID,Genre) VALUES(8,3);
Insert into Genre(AnimeID,Genre) VALUES(8,5);
Insert into Genre(AnimeID,Genre) VALUES(9,8);
Insert into Genre(AnimeID,Genre) VALUES(9,9);


-- staff
Insert into Staff(SName,SdName) VALUES('青木英','TROYCA');
Insert into Staff(SName,SdName) VALUES('武內崇','TYPE-MOON');
Insert into Staff(SName,SdName) VALUES('虛淵玄','Nitro+');
Insert into Staff(SName) VALUES('佐藤卓哉');
Insert into Staff(SName) VALUES('花田十輝');
Insert into Staff(SName) VALUES('廣江禮威');
Insert into Staff(SName) VALUES('長月達平');
Insert into Staff(SName) VALUES('渡邊政治');
Insert into Staff(SName) VALUES('鎌池和馬');
Insert into Staff(SName) VALUES('錦織博');
Insert into Staff(SName) VALUES('新川直司');
Insert into Staff(SName) VALUES('石黑恭平');
Insert into Staff(SName) VALUES('川原礫');
Insert into Staff(SName,SdName) VALUES('伊藤智彥','A-1 Pictures');
Insert into Staff(SName,SdName) VALUES('ISSEN','ISSEN');
Insert into Staff(SName) VALUES('大槻敦史');

-- incharge
Insert into Incharge(AnimeID,Job,SName) VALUES(1,'監督','青木英');
Insert into Incharge(AnimeID,Job,SName) VALUES(1,'人設原案','武內崇');
Insert into Incharge(AnimeID,Job,SName) VALUES(1,'作者','虛淵玄');
Insert into Incharge(AnimeID,Job,SName) VALUES(2,'監督','佐藤卓哉');
Insert into Incharge(AnimeID,Job,SName) VALUES(2,'系列構成','花田十輝');
Insert into Incharge(AnimeID,Job,SName) VALUES(3,'作者','廣江禮威');
Insert into Incharge(AnimeID,Job,SName) VALUES(3,'監督','青木英');
Insert into Incharge(AnimeID,Job,SName) VALUES(4,'作者','長月達平');
Insert into Incharge(AnimeID,Job,SName) VALUES(4,'監督','渡邊政治');
Insert into Incharge(AnimeID,Job,SName) VALUES(5,'作者','鎌池和馬');
Insert into Incharge(AnimeID,Job,SName) VALUES(5,'監督','錦織博');
Insert into Incharge(AnimeID,Job,SName) VALUES(6,'作者','新川直司');
Insert into Incharge(AnimeID,Job,SName) VALUES(6,'監督','石黑恭平');
Insert into Incharge(AnimeID,Job,SName) VALUES(7,'作者','川原礫');
Insert into Incharge(AnimeID,Job,SName) VALUES(7,'監督','伊藤智彥');
Insert into Incharge(AnimeID,Job,SName) VALUES(8,'作者','川原礫');
Insert into Incharge(AnimeID,Job,SName) VALUES(8,'監督','伊藤智彥');
Insert into Incharge(AnimeID,Job,SName) VALUES(9,'作者','ISSEN');
Insert into Incharge(AnimeID,Job,SName) VALUES(9,'劇本統籌','大槻敦史');

-- Agent
Insert into Agent(AgName,Location,FoundDate,President) VALUES('SACRA MUSIC','東京都千代田區六番町','2017','水野道訓');
Insert into Agent(AgName,Location,FoundDate,President) VALUES('VV-ALKLINE','東京都文京区本郷','2017','澤野弘之');
Insert into Agent(AgName,Location,FoundDate,President) VALUES('Music Ray\'n','東京都千代田區六番町','2005','高橋章');
Insert into Agent(AgName,Location,FoundDate,President) VALUES('MAGES.','東京都港区三田三丁目','2006','志倉千代丸');
Insert into Agent(AgName,Location,FoundDate,President) VALUES('TaWaRa','東京都新宿区西新宿','2016','大嶋文博');
Insert into Agent(AgName,Location,FoundDate,President) VALUES('gr8!records','東京都千代田区六番町','2003','高橋章');
Insert into Agent(AgName,Location,FoundDate,President) VALUES('81 produce','東京都澀谷區富谷1丁目','1981','南澤道義');
Insert into Agent(AgName,Location,FoundDate,President) VALUES('響','東京都中野區中央一丁目','2009','木谷高明');
Insert into Agent(AgName,Location,FoundDate,President) VALUES('大澤事務所','東京都港區赤坂4丁目','1984','大澤田鶴子');
Insert into Agent(AgName,Location,FoundDate,President) VALUES('I\'m Enterprise','東京都澀谷區代代木','1993','江崎加子男');
Insert into Agent(AgName,Location,FoundDate,President) VALUES('Across Entertainment','東京都澀谷區富谷','2008','藤崎淳');
Insert into Agent(AgName,Location,FoundDate,President) VALUES('EARLY WING','東京都港區元赤坂一丁目','2009','佐藤龍乙');
Insert into Agent(AgName,Location,FoundDate,President) VALUES('劇団俳優座','東京都港区六本木四丁目','1944','宮崎健');
Insert into Agent(AgName,Location,FoundDate,President) VALUES('東京俳優生活協同組合','東京都渋谷區千駄ヶ谷','1960','朝田孝二');
Insert into Agent(AgName,Location,FoundDate,President) VALUES('株式会社劇団ひまわり','東京都涉谷區惠比壽西2丁目','1952','砂岡不二夫');
Insert into Agent(AgName,Location,FoundDate,President) VALUES('Atomic Monkey','日本東京都港區東麻布','2007','田村司');
Insert into Agent(AgName,Location,FoundDate,President) VALUES('ARTSVISION','東京都澀谷區代代木','1984','江崎加子男');
Insert into Agent(AgName,Location,FoundDate,President) VALUES('Hirata Office','東京都港区赤坂','1979','桜井良樹');
Insert into Agent(AgName,Location,FoundDate,President) VALUES('武士道','東京都中野區','2002','木谷高明');
Insert into Agent(AgName,Location,FoundDate,President) VALUES('AXL ONE','東京都新宿區西新宿','2011','森川智之');

-- VoiceACtor
Insert into VoiceActor(VName,Gender,Birthday,Debut,Agent,image) VALUES('小山力也',FALSE,'1218','1987','劇団俳優座','shaoshan.jpeg');
Insert into VoiceActor(VName,Gender,Birthday,Debut,Agent,image) VALUES('大原沙耶香',TRUE,'1206','1998','東京俳優生活協同組合','dauan.jpeg');
Insert into VoiceActor(VName,Gender,Birthday,Debut,Agent,image) VALUES('川澄綾子',TRUE,'0330','1997','大澤事務所','chanchen.jpeg');
Insert into VoiceActor(VName,Gender,Birthday,Debut,Agent) VALUES('中田讓治',FALSE,'0422','1985','大澤事務所','Nakata_George.jpg');
Insert into VoiceActor(VName,Gender,Birthday,Debut,Agent,image) VALUES('宮野真守',FALSE,'0608','2001','株式会社劇団ひまわり','miyano.jpeg');
Insert into VoiceActor(VName,Gender,Birthday,Debut,Agent,image) VALUES('花澤香菜',TRUE,'0225','2003','大澤事務所','hanazawa.jpg');
Insert into VoiceActor(VName,Gender,Birthday,Debut,Agent,image) VALUES('關智一',FALSE,'0908','1993','Atomic Monkey','kanzi.jpg');
Insert into VoiceActor(VName,Gender,Birthday,Debut,Agent,image) VALUES('今井麻美',TRUE,'0516','1999','EARLY WING','imai.jpeg');
Insert into VoiceActor(VName,Gender,Birthday,Debut,Agent,image) VALUES('山下大輝',FALSE,'0907','2012','ARTSVISION','yamasita.jpeg');
Insert into VoiceActor(VName,Gender,Birthday,Debut,Agent,image) VALUES('豐崎愛生',TRUE,'1028','2006','Music Ray\'n','fungchi.jpeg');
Insert into VoiceActor(VName,Gender,Birthday,Debut,Agent,image) VALUES('小松未可子',TRUE,'1111','2010','Hirata Office','siaosung.jpeg');
Insert into VoiceActor(VName,Gender,Birthday,Debut,Agent,image) VALUES('水瀨祈',TRUE,'1202','2010','AXL ONE','mizu.jpeg');
Insert into VoiceActor(VName,Gender,Birthday,Debut,image) VALUES('小林裕介',FALSE,'0325','2009','shaolin.jpeg');
Insert into VoiceActor(VName,Gender,Birthday,Debut,Agent,image) VALUES('高橋李依',TRUE,'0227','2013','81 produce','kaochao.jpg');
Insert into VoiceActor(VName,Gender,Birthday,Debut,Agent,image) VALUES('內山夕實',TRUE,'1030','2005','大澤事務所','neshan.jpeg');
Insert into VoiceActor(VName,Gender,Birthday,Debut,image) VALUES('阿部敦',FALSE,'0325','2006','Abe_atsushi.jpg');
Insert into VoiceActor(VName,Gender,Birthday,Debut,Agent,image) VALUES('井口裕香',TRUE,'0711','2002','大澤事務所','ikuchi.jpg');
Insert into VoiceActor(VName,Gender,Birthday,Debut,Agent,image) VALUES('佐藤利奈',TRUE,'0502','2001','東京俳優生活協同組合','satou.jpg');
Insert into VoiceActor(VName,Gender,Birthday,Debut,image) VALUES('岡本信彥',FALSE,'1024','2006','Okamoto.jpg');
Insert into VoiceActor(VName,Gender,Birthday,Debut,Agent,image) VALUES('種田梨沙',TRUE,'0712','2010','大澤事務所','tameda.jpg');
Insert into VoiceActor(VName,Gender,Birthday,Debut,Agent,image) VALUES('佐倉綾音',TRUE,'0129','2010','I\'m Enterprise','sakura.jpeg');
Insert into VoiceActor(VName,Gender,Birthday,Debut,Agent,image) VALUES('花江夏樹',FALSE,'0626','2011','Across Entertainment','komica.jpeg');
Insert into VoiceActor(VName,Gender,Birthday,Debut,Agent,image) VALUES('逢坂良太',FALSE,'0802','2011','EARLY WING','ryota.jpeg');
Insert into VoiceActor(VName,Gender,Birthday,Debut,Agent,image) VALUES('松岡禎丞',FALSE,'0917','2009','I\'m Enterprise','kito.jpeg');
Insert into VoiceActor(VName,Gender,Birthday,Debut,Agent,image) VALUES('戶松遙',TRUE,'0204','2004','Music Ray\'n','haruka.jpeg');
Insert into VoiceActor(VName,Gender,Birthday,Debut,Agent,image) VALUES('愛美',TRUE,'1225','2010','響','aimi.jpeg');
Insert into VoiceActor(VName,Gender,Birthday,Debut,Agent,image) VALUES('相羽あいな',TRUE,'1017','2016','響','aiba.jpeg');

-- Casting
Insert into Casting(AnimeID,VName,CharacterName,ChGender,image) VALUES(1,'小山力也','衛宮切嗣',0,'emiya.jpg');
Insert into Casting(AnimeID,VName,CharacterName,ChGender,image) VALUES(1,'大原沙耶香','アイリスフィール・フォン・アインツベルン',1,'Ailisifeier.jpg');
Insert into Casting(AnimeID,VName,CharacterName,ChGender,image) VALUES(1,'川澄綾子','Saber',1,'saber.jpg');
Insert into Casting(AnimeID,VName,CharacterName,ChGender,image) VALUES(1,'中田讓治','言峰綺禮',0,'kirei_smirk.jpg');
Insert into Casting(AnimeID,VName,CharacterName,ChGender,image) VALUES(2,'宮野真守','岡部倫太郎',0,'taro.jpg');
Insert into Casting(AnimeID,VName,CharacterName,ChGender,image) VALUES(2,'花澤香菜','椎名まゆり',1,'duduru.jpg');
Insert into Casting(AnimeID,VName,CharacterName,ChGender,image) VALUES(2,'關智一','橋田至',0,'hashi.jpg');
Insert into Casting(AnimeID,VName,CharacterName,ChGender,image) VALUES(2,'今井麻美','牧瀨紅莉栖',1,'red.jpg');
Insert into Casting(AnimeID,VName,CharacterName,ChGender,image) VALUES(3,'山下大輝','水篠颯太',0,'satai.jpg');
Insert into Casting(AnimeID,VName,CharacterName,ChGender,image) VALUES(3,'豐崎愛生','アルタイル',1,'arutairu.jpg');
Insert into Casting(AnimeID,VName,CharacterName,ChGender,image) VALUES(3,'小松未可子','セレジア・ユピティリア',1,'selesia.jpg');
Insert into Casting(AnimeID,VName,CharacterName,ChGender,image) VALUES(3,'水瀨祈','メテオラ・エスターライヒ',1,'Meteora_anime.jpg');
Insert into Casting(AnimeID,VName,CharacterName,ChGender,image) VALUES(4,'小林裕介','菜月昴',0,'Natsuki_Subaru_1.jpg');
Insert into Casting(AnimeID,VName,CharacterName,ChGender,image) VALUES(4,'高橋李依','エミリア',1,'emiriya.png');
Insert into Casting(AnimeID,VName,CharacterName,ChGender,image) VALUES(4,'水瀨祈','レム',1,'Rem_Anime.png');
Insert into Casting(AnimeID,VName,CharacterName,ChGender,image) VALUES(4,'內山夕實','パック',1,'paku.jpg');
Insert into Casting(AnimeID,VName,CharacterName,ChGender,image) VALUES(5,'阿部敦','上条當麻',0,'touma1.jpg');
Insert into Casting(AnimeID,VName,CharacterName,ChGender,image) VALUES(5,'井口裕香','INDEX',1,'index.png');
Insert into Casting(AnimeID,VName,CharacterName,ChGender,image) VALUES(5,'佐藤利奈','御坂美琴',1,'misakamikoto.jpg');
Insert into Casting(AnimeID,VName,CharacterName,ChGender,image) VALUES(5,'岡本信彥','一方通行',0,'accelerator.jpg');
Insert into Casting(AnimeID,VName,CharacterName,ChGender,image) VALUES(6,'種田梨沙','宮園薰',1,'kaoru.jpg');
Insert into Casting(AnimeID,VName,CharacterName,ChGender,image) VALUES(6,'佐倉綾音','澤部椿',1,'saki.jpg');
Insert into Casting(AnimeID,VName,CharacterName,ChGender,image) VALUES(6,'花江夏樹','有馬公生',0,'arima.jpg');
Insert into Casting(AnimeID,VName,CharacterName,ChGender,image) VALUES(6,'逢坂良太','渡亮太',0,'ta.jpg');
Insert into Casting(AnimeID,VName,CharacterName,ChGender,image) VALUES(7,'松岡禎丞','桐谷和人',0,'kirito.png');
Insert into Casting(AnimeID,VName,CharacterName,ChGender,image) VALUES(8,'松岡禎丞','桐谷和人',0,'kirito.png');
Insert into Casting(AnimeID,VName,CharacterName,ChGender,image) VALUES(7,'戶松遙','亞絲娜',1,'asuna.jpg');
Insert into Casting(AnimeID,VName,CharacterName,ChGender,image) VALUES(8,'戶松遙','亞絲娜',1,'asuna.jpg');
Insert into Casting(AnimeID,VName,CharacterName,ChGender,image) VALUES(9,'愛美','戶山香澄',1,'kasumi.jpg');
Insert into Casting(AnimeID,VName,CharacterName,ChGender,image) VALUES(9,'相羽あいな','湊友希那',1,'minato.jpg');

-- Singer
Insert into Singer(VName,Gender,Birthday,Debut,Agent,image) VALUES('LiSA',1,'0624','2010','SACRA MUSIC','lisa.png');
Insert into Singer(VName,Gender,Birthday,Debut,Agent,image) VALUES('藍井艾露',1,'1130','2011','SACRA MUSIC','eir.jpg');
Insert into Singer(VName,Gender,Debut,Agent,image) VALUES('Kalafina',1,'2007','SACRA MUSIC','kalafina.jpg');
Insert into Singer(VName,Gender,Birthday,Debut,Agent,image) VALUES('春奈露娜',1,'1011','2011','SACRA MUSIC','luna.jpg');
Insert into Singer(VName,Gender,Birthday,Debut,image) VALUES('榊原由依',1,'1013','1999','yui.jpg');
Insert into Singer(VName,Gender,Birthday,Debut,image) VALUES('伊藤香奈子',1,'0328','2002','kanako.jpg');
Insert into Singer(VName,Gender,Debut,Agent,image) VALUES('Tielle & Gemie',1,'2017','VV-ALKLINE','tandg.jpg');
Insert into Singer(VName,Gender,Birthday,Debut,Agent,image) VALUES('綾野真白',1,'0423','2014','SACRA MUSIC','mashiro.jpg');
Insert into Singer(VName,Gender,Birthday,Debut,Agent,image) VALUES('豐崎愛生',1,'1023','2006','Music Ray\'n','aisei.jpg');
Insert into Singer(VName,Gender,Debut,Agent,image) VALUES('三月のパンタシア',1,'2015','SACRA MUSIC','Phantasia.png');
Insert into Singer(VName,Gender,Birthday,Debut,Agent,image) VALUES('鈴木木乃美',1,'1105','2011','MAGES.','suzuki.jpg');
Insert into Singer(VName,Gender,Debut,Agent,image) VALUES('MYTH & ROID',1,'2015','TaWaRa','mythroid.png');
Insert into Singer(VName,Gender,Birthday,Debut,Agent,image) VALUES('高橋李依',1,'0227','2013','81 produce','kaochao.jpg');
Insert into Singer(VName,Gender,Birthday,Debut,image) VALUES('川田真美',1,'0213','2001','mami.jpg');
Insert into Singer(VName,Gender,Birthday,Debut,image) VALUES('IKU',1,'0122','2006','iku.jpg');
Insert into Singer(VName,Gender,Debut,Agent,image) VALUES('Goose house',0,'2011','gr8!records','goosehouse.jpg');
Insert into Singer(VName,Gender,Birthday,Debut,Agent,image) VALUES('戶松遙',1,'0204','2004','Music Ray\'n','haruka.jpg');
Insert into Singer(VName,Gender,Debut,Agent,image) VALUES('Roselia',1,'2017','武士道','roselia.jpg');
Insert into Singer(VName,Gender,Debut,Agent,image) VALUES('Poppin‘Party',1,'2015','武士道','popping.jpg');

-- ThemeSong
Insert into ThemeSong(SgName,Author,Composer,Singer,Type,AnimeID) VALUES('oath Sign','渡邊翔','渡邊翔','LiSA',0,1);
Insert into ThemeSong(SgName,Author,Composer,Singer,Type,AnimeID) VALUES('MEMORIA','藍井艾露、安田史生','安田史生','藍井艾露',1,1);
Insert into ThemeSong(SgName,Author,Composer,Singer,Type,AnimeID) VALUES('to the beginning','梶浦由記','梶浦由記','Kalafina',0,1);
Insert into ThemeSong(SgName,Author,Composer,Singer,Type,AnimeID) VALUES('空は高く風は歌う','梶浦由記','梶浦由記','春奈露娜',1,1);
Insert into ThemeSong(SgName,Author,Composer,Singer,Type,AnimeID) VALUES('満天','梶浦由記','梶浦由記','Kalafina',1,1);
Insert into ThemeSong(SgName,Author,Composer,Singer,Type,AnimeID) VALUES('Hacking to the Gate','志倉千代丸','志倉千代丸','伊藤香奈子',0,2);
Insert into ThemeSong(SgName,Author,Composer,Singer,Type,AnimeID) VALUES('刻司ル十二ノ盟約','志倉千代丸','林達志','榊原由依',1,2);
Insert into ThemeSong(SgName,Author,Composer,Singer,Type,AnimeID) VALUES('スカイクラッドの観測者','志倉千代丸','志倉千代丸','伊藤香奈子',1,2);
Insert into ThemeSong(SgName,Author,Composer,Singer,Type,AnimeID) VALUES('Another Heaven','漆野淳哉','須田悅弘','伊藤香奈子',1,2);
Insert into ThemeSong(SgName,Author,Composer,Singer,Type,AnimeID) VALUES('gravityWall','澤野弘之、Tielle','澤野弘之','Tielle & Gemie',0,3);
Insert into ThemeSong(SgName,Author,Composer,Singer,Type,AnimeID) VALUES('shØut','澤野弘之、Tielle','澤野弘之','Tielle & Gemie',0,3);
Insert into ThemeSong(SgName,Author,Composer,Singer,Type,AnimeID) VALUES('NEWLOOK','中野領太','中野領太','綾野真白',1,3);
Insert into ThemeSong(SgName,Author,Composer,Singer,Type,AnimeID) VALUES('world Étude','柊','柊','豐崎愛生',1,3);
Insert into ThemeSong(SgName,Author,Composer,Singer,Type,AnimeID) VALUES('ルビコン','aokado','aokado','三月のパンタシア',1,3);
Insert into ThemeSong(SgName,Author,Composer,Singer,Type,AnimeID) VALUES('Redo','ミズノゲンキ','宮崎誠','鈴木木乃美',0,4);
Insert into ThemeSong(SgName,Author,Composer,Singer,Type,AnimeID) VALUES('Paradisus-Paradoxum','MYTH & ROID','MYTH & ROID','MYTH & ROID',0,4);
Insert into ThemeSong(SgName,Author,Composer,Singer,Type,AnimeID) VALUES('STYX HELIX','MYTH & ROID','MYTH & ROID','MYTH & ROID',1,4);
Insert into ThemeSong(SgName,Author,Composer,Singer,Type,AnimeID) VALUES('Stay Alive','Heart\'s Cry','Heart\'s Cry','高橋李依',1,4);
Insert into ThemeSong(SgName,Author,Composer,Singer,Type,AnimeID) VALUES('PSI-missing','川田真美','中澤伴行','川田真美',0,5);
Insert into ThemeSong(SgName,Author,Composer,Singer,Type,AnimeID) VALUES('masterpiece','川田真美','井內舞子','川田真美',0,5);
Insert into ThemeSong(SgName,Author,Composer,Singer,Type,AnimeID) VALUES('Rimless～無邊的世界～','IKU','IKU','IKU',1,5);
Insert into ThemeSong(SgName,Author,Composer,Singer,Type,AnimeID) VALUES('誓い言〜スコシだけもう一度〜','IKU','IKU','IKU',1,5);
Insert into ThemeSong(SgName,Author,Composer,Singer,Type,AnimeID) VALUES('光るなら','Goose house','Goose house','Goose house',0,6);
Insert into ThemeSong(SgName,Author,Composer,Singer,Type,AnimeID) VALUES('crossing field','渡邊翔','渡邊翔','LiSA',0,7);
Insert into ThemeSong(SgName,Author,Composer,Singer,Type,AnimeID) VALUES('INNOCENCE','藍井艾露','重永亮介','藍井艾露',0,7);
Insert into ThemeSong(SgName,Author,Composer,Singer,Type,AnimeID) VALUES('IGNITE','小川智之','藍井艾露','藍井艾露',0,8);
Insert into ThemeSong(SgName,Author,Composer,Singer,Type,AnimeID) VALUES('courage','Nori','古川貴浩','戶松遙',0,8);
Insert into ThemeSong(SgName,Author,Composer,Singer,Type,AnimeID) VALUES('ユメセカイ','古屋真','古川貴浩','戶松遙',1,7);
Insert into ThemeSong(SgName,Author,Composer,Singer,Type,AnimeID) VALUES('Startear','春奈露娜','Saku','春奈露娜',1,8);
Insert into ThemeSong(SgName,Author,Composer,Singer,Type,AnimeID) VALUES('Overfly','Saku','Saku','春奈露娜',1,7);
Insert into ThemeSong(SgName,Author,Composer,Singer,Type,AnimeID) VALUES('キズナミュージック','中村航','藤永龍太郎','Poppin‘Party',0,9);
Insert into ThemeSong(SgName,Author,Composer,Singer,Type,AnimeID) VALUES('BRAVE JEWEL','織田あすか','上松範康','Roselia',0,9);